station,year,particle_number,type,lat,lon
DE0043G,2000,1491.4390539706812,PSD,47.8,11.016667
FI0050R,2000,1316.566050021147,PSD,61.85,24.283333
FI0096G,2000,24.494674358920893,PSD,67.973333333,24.116111111
NO0042G,2000,129.3504115246721,PSD,78.90715,11.88668
FI0050R,2001,1317.229577553281,PSD,61.85,24.283333
FI0096G,2001,22.634898771961392,PSD,67.973333333,24.116111111
NO0042G,2001,99.17939702017765,PSD,78.90715,11.88668
SE0012R,2001,1716.673187121242,PSD,58.8,17.8333
DE0063K,2002,10164.209314895676,PSD,51.06,13.74
FI0050R,2002,1525.266723438264,PSD,61.85,24.283333
FI0096G,2002,19.549622773653084,PSD,67.973333333,24.116111111
IE0031R,2002,1083.7884177143735,PSD,53.32583,-9.89944
SE0011R,2002,1715.936330682846,PSD,56.016667,13.15
SE0012R,2002,1512.743824608773,PSD,58.8,17.8333
US9050R,2002,1132.9822971747203,PSD,40.445,-106.744003
DE0044R,2003,3444.5373820889904,PSD,51.53,12.93
DE0063K,2003,19721.92747541417,PSD,51.06,13.74
FI0050R,2003,1465.1510662313108,PSD,61.85,24.283333
FI0096G,2003,19.479593161340635,PSD,67.973333333,24.116111111
IE0031R,2003,1070.4003179034214,PSD,53.32583,-9.89944
NO0001R,2003,1630.2542037329488,PSD,58.383333,8.25
NO0042G,2003,97.95794882730212,PSD,78.90715,11.88668
SE0011R,2003,1912.389438475221,PSD,56.016667,13.15
SE0012R,2003,1462.9713731964098,PSD,58.8,17.8333
DE0044R,2004,2318.246309781556,PSD,51.53,12.93
DE0063K,2004,17469.250488909624,PSD,51.06,13.74
FI0050R,2004,1240.245973733552,PSD,61.85,24.283333
FI0096G,2004,24.59323342125045,PSD,67.973333333,24.116111111
NO0042G,2004,117.78191625278296,PSD,78.90715,11.88668
SE0011R,2004,1916.092498261138,PSD,56.016667,13.15
SE0012R,2004,1356.0578837424923,PSD,58.8,17.8333
DE0044R,2005,2599.2903388682407,PSD,51.53,12.93
DE0054R,2005,1346.9453245275156,PSD,47.416667,10.981667
DE0063K,2005,18501.769677466305,PSD,51.06,13.74
FI0050R,2005,1051.8603755318684,PSD,61.85,24.283333
IE0031R,2005,771.1727504523581,PSD,53.32583,-9.89944
NO0042G,2005,90.52410849143097,PSD,78.90715,11.88668
SE0011R,2005,1873.804841634481,PSD,56.016667,13.15
SE0012R,2005,1436.103125862965,PSD,58.8,17.8333
DE0003R,2006,1771.7603970166583,PSD,47.914722,7.908611
DE0044R,2006,2330.506431290731,PSD,51.53,12.93
DE0054R,2006,996.6996293707956,PSD,47.416667,10.981667
DE0063K,2006,16570.00850390374,PSD,51.06,13.74
FI0050R,2006,984.4842848805864,PSD,61.85,24.283333
FI0096G,2006,22.819107761652347,PSD,67.973333333,24.116111111
GB0036R,2006,2347.6486948925326,PSD,51.573056,-1.316667
IT0009R,2006,481.2375698894848,PSD,44.16667,10.68333
NO0001R,2006,1876.213987856225,PSD,58.383333,8.25
NO0042G,2006,58.918474547898775,PSD,78.90715,11.88668
SE0011R,2006,1564.8390199203468,PSD,56.016667,13.15
SE0012R,2006,1709.465042657895,PSD,58.8,17.8333
DE0003R,2007,2264.272175019345,PSD,47.914722,7.908611
DE0044R,2007,3001.4707247859087,PSD,51.53,12.93
DE0063K,2007,13595.636562350415,PSD,51.06,13.74
FI0050R,2007,955.8298240440928,PSD,61.85,24.283333
FR0030R,2007,1456.677115358973,PSD,45.772223,2.964886
IE0031R,2007,556.0222783273302,PSD,53.32583,-9.89944
IT0009R,2007,871.9242140945944,PSD,44.16667,10.68333
NO0042G,2007,60.73069474980669,PSD,78.90715,11.88668
NO0058G,2007,270.09841928107585,PSD,-72.016667,2.533333
NP0001G,2007,827.9766361727436,PSD,27.9578,86.8149
SE0011R,2007,2015.908279628641,PSD,56.016667,13.15
SE0012R,2007,1443.3339042410112,PSD,58.8,17.8333
CH0001G,2008,270.6558414781298,PSD,46.5475,7.985
CZ0003R,2008,4298.057548530167,PSD,49.583333,15.083333
DE0003R,2008,1246.3173325712726,PSD,47.914722,7.908611
DE0044R,2008,3064.876268953402,PSD,51.53,12.93
ES0018G,2008,535.8779149581833,PSD,28.309,-16.4994
FI0050R,2008,841.8530616296113,PSD,61.85,24.283333
FR0030R,2008,1233.9771943274604,PSD,45.772223,2.964886
IE0031R,2008,538.5387780942345,PSD,53.32583,-9.89944
IN1016R,2008,4039.6695161500015,PSD,28.427778,77.151389
IT0004R,2008,5761.659159321927,PSD,45.8,8.633333
IT0009R,2008,1051.8693673804285,PSD,44.16667,10.68333
NL0011R,2008,3245.10024243364,PSD,51.970278,4.926389
NO0001R,2008,602.7851513396192,PSD,58.383333,8.25
NO0042G,2008,65.76193286378077,PSD,78.90715,11.88668
NO0058G,2008,274.77961688192585,PSD,-72.016667,2.533333
NP0001G,2008,1049.326008546414,PSD,27.9578,86.8149
SE0011R,2008,1690.8853072526265,PSD,56.016667,13.15
SE0012R,2008,1272.9482757426608,PSD,58.8,17.8333
BG0001R,2009,808.3994360343321,PSD,24.166667,23.583333
CH0001G,2009,285.84249614556524,PSD,46.5475,7.985
DE0002R,2009,2841.937132527189,PSD,52.802222,10.759444
DE0003R,2009,1641.689204433687,PSD,47.914722,7.908611
DE0044R,2009,2274.086384607954,PSD,51.53,12.93
DE0063K,2009,8804.829935649752,PSD,51.06,13.74
ES0018G,2009,732.6836962793628,PSD,28.309,-16.4994
ES1778R,2009,2538.007441880693,PSD,41.766667,2.35
FI0050R,2009,880.4992118980562,PSD,61.85,24.283333
FR0030R,2009,887.2416736177362,PSD,45.772223,2.964886
IE0031R,2009,817.5938054033105,PSD,53.32583,-9.89944
IN1016R,2009,6432.93926871732,PSD,28.427778,77.151389
IT0004R,2009,5429.089633685566,PSD,45.8,8.633333
IT0009R,2009,864.2779922309608,PSD,44.16667,10.68333
NO0042G,2009,101.18656463191668,PSD,78.90715,11.88668
NO0058G,2009,267.32167260217767,PSD,-72.016667,2.533333
NP0001G,2009,909.4147845928526,PSD,27.9578,86.8149
SE0011R,2009,1621.9945371771664,PSD,56.016667,13.15
SE0012R,2009,1594.3993406191653,PSD,58.8,17.8333
US9050R,2009,1327.505091149348,PSD,40.445,-106.744003
BG0001R,2010,821.8018021214687,PSD,24.166667,23.583333
DE0002R,2010,3167.116712188287,PSD,52.802222,10.759444
DE0003R,2010,1199.3295889794324,PSD,47.914722,7.908611
DE0043G,2010,1474.1720155695791,PSD,47.8,11.016667
DE0044R,2010,2551.775797832463,PSD,51.53,12.93
DE0055B,2010,4673.095469216366,PSD,51.3525,12.4346
DE0056R,2010,3703.522009475309,PSD,52.998055,7.9425
DE0063K,2010,8079.679428742356,PSD,51.06,13.74
DE0067K,2010,10836.479496108674,PSD,51.344167,12.377222
DE0068B,2010,5113.308981716896,PSD,51.318056,12.2975
FI0050R,2010,906.4674652795454,PSD,61.85,24.283333
FR0030R,2010,1141.3762427241954,PSD,45.772223,2.964886
IE0031R,2010,1240.694782805689,PSD,53.32583,-9.89944
IT0004R,2010,4651.20008475962,PSD,45.8,8.633333
IT0009R,2010,921.6752222381324,PSD,44.16667,10.68333
LT0015R,2010,2370.620107656827,PSD,55.3761111111,21.0305555556
NL0011R,2010,4604.760011665291,PSD,51.970278,4.926389
NO0002R,2010,26.940417469341693,PSD,58.38853,8.252
NO0042G,2010,104.04672912910829,PSD,78.90715,11.88668
NP0001G,2010,1254.8941378605664,PSD,27.9578,86.8149
SE0011R,2010,1518.9269302716002,PSD,56.016667,13.15
SE0012R,2010,1391.3270796196527,PSD,58.8,17.8333
US9050R,2010,1869.8502397580223,PSD,40.445,-106.744003
DE0002R,2011,3144.2542490091123,PSD,52.802222,10.759444
DE0003R,2011,1269.556701673698,PSD,47.914722,7.908611
DE0043G,2011,1767.620655857077,PSD,47.8,11.016667
DE0044R,2011,2128.7582900573525,PSD,51.53,12.93
DE0055B,2011,3192.0380525074256,PSD,51.3525,12.4346
DE0056R,2011,2942.8523027533734,PSD,52.998055,7.9425
DE0060G,2011,0.4154230280901357,PSD,-70.666,-8.266
DE0063K,2011,7942.178594916524,PSD,51.06,13.74
DE0064B,2011,4718.154565250933,PSD,51.036111,13.730556
DE0067K,2011,8472.538825560008,PSD,51.344167,12.377222
DE0068B,2011,5130.466285265326,PSD,51.318056,12.2975
FI0050R,2011,993.2963752927232,PSD,61.85,24.283333
FR0030R,2011,1168.398230261995,PSD,45.772223,2.964886
IT0004R,2011,4327.290538463576,PSD,45.8,8.633333
IT0009R,2011,896.877923140149,PSD,44.16667,10.68333
MT0001R,2011,2388.3988114247263,PSD,36.0722,14.2184
NL0011R,2011,7666.160426352979,PSD,51.970278,4.926389
NO0002R,2011,35.216988063384115,PSD,58.38853,8.252
SE0011R,2011,4835.223030067542,PSD,56.016667,13.15
SE0012R,2011,1431.9569998981524,PSD,58.8,17.8333
US9050R,2011,1534.9611377972824,PSD,40.445,-106.744003
BE0007R,2012,1949.3501796856688,PSD,50.304003,6.001271
BG0001R,2012,713.228976672531,PSD,24.166667,23.583333
CZ0006B,2012,8938.898572829858,PSD,50.66109,14.04029
DE0002R,2012,3061.6515550914787,PSD,52.802222,10.759444
DE0003R,2012,1178.6547601518678,PSD,47.914722,7.908611
DE0007R,2012,2124.629032207384,PSD,53.166667,13.033333
DE0044R,2012,3177.683514144049,PSD,51.53,12.93
DE0055B,2012,3832.1241419105136,PSD,51.3525,12.4346
DE0056R,2012,3407.508986116103,PSD,52.998055,7.9425
DE0060G,2012,0.390544208616945,PSD,-70.666,-8.266
DE0063K,2012,7220.589063873179,PSD,51.06,13.74
DE0064B,2012,5879.60173644337,PSD,51.036111,13.730556
DE0066K,2012,7586.089397405136,PSD,51.345833,12.406389
DE0067K,2012,8282.964934483813,PSD,51.344167,12.377222
DE0068B,2012,4173.618546342826,PSD,51.318056,12.2975
GB0021U,2012,125.61351272397704,PSD,51.521,-0.2135
IT0004R,2012,4333.911864188109,PSD,45.8,8.633333
IT0009R,2012,735.4876807076799,PSD,44.16667,10.68333
KR0100R,2012,34.39883483789853,PSD,36.5383338928,126.330001831
LT0015R,2012,1575.7150172841853,PSD,55.3761111111,21.0305555556
MT0001R,2012,2363.4409479184023,PSD,36.0722,14.2184
NL0011R,2012,5848.053362383416,PSD,51.970278,4.926389
NO0002R,2012,28.826873675894507,PSD,58.38853,8.252
NP0001G,2012,1113.094081894605,PSD,27.9578,86.8149
SE0011R,2012,2111.8443546495523,PSD,56.016667,13.15
SE0012R,2012,1404.917370997725,PSD,58.8,17.8333
BE0007R,2013,1902.242393412001,PSD,50.304003,6.001271
BG0001R,2013,619.5705417801393,PSD,24.166667,23.583333
DE0002R,2013,2513.441010412798,PSD,52.802222,10.759444
DE0003R,2013,1140.5243929375793,PSD,47.914722,7.908611
DE0007R,2013,2153.8087904110125,PSD,53.166667,13.033333
DE0044R,2013,3254.490217893064,PSD,51.53,12.93
DE0055B,2013,3907.007444428432,PSD,51.3525,12.4346
DE0056R,2013,3486.3173148252627,PSD,52.998055,7.9425
DE0061B,2013,5796.182136219946,PSD,50.571667,12.998889
DE0063K,2013,8004.506726307393,PSD,51.06,13.74
DE0064B,2013,5180.972629644798,PSD,51.036111,13.730556
DE0066K,2013,8911.74220429269,PSD,51.345833,12.406389
DE0067K,2013,7350.784804098456,PSD,51.344167,12.377222
DE0068B,2013,4236.679936069397,PSD,51.318056,12.2975
ES0018G,2013,628.9641789171882,PSD,28.309,-16.4994
IT0009R,2013,702.3622863002399,PSD,44.16667,10.68333
KR0100R,2013,44.68986639341797,PSD,36.5383338928,126.330001831
LT0015R,2013,1478.294623222086,PSD,55.3761111111,21.0305555556
MT0001R,2013,57484.11228871814,PSD,36.0722,14.2184
NL0011R,2013,5408.696276005498,PSD,51.970278,4.926389
NO0002R,2013,28.09615823425304,PSD,58.38853,8.252
SE0011R,2013,2075.6375316655112,PSD,56.016667,13.15
SE0012R,2013,1325.909126541788,PSD,58.8,17.8333
BE0007R,2014,1922.906599782582,PSD,50.304003,6.001271
BG0001R,2014,472.4083890857096,PSD,24.166667,23.583333
CZ0003R,2014,2006.9287643874115,PSD,49.583333,15.083333
DE0003R,2014,1225.194189211858,PSD,47.914722,7.908611
DE0054R,2014,490.373016338266,PSD,47.416667,10.981667
DE0055B,2014,2987.8858254010165,PSD,51.3525,12.4346
DE0056R,2014,3560.017214913232,PSD,52.998055,7.9425
DE0061B,2014,5483.093018100267,PSD,50.571667,12.998889
DE0063K,2014,6483.360839473755,PSD,51.06,13.74
DE0064B,2014,4898.973954760371,PSD,51.036111,13.730556
DE0066K,2014,8202.37012522265,PSD,51.345833,12.406389
DE0067K,2014,6853.1714778471,PSD,51.344167,12.377222
DE0068B,2014,3806.943717813916,PSD,51.318056,12.2975
FR0019R,2014,11.5398181888784,PSD,42.936667,0.141944
FR0020R,2014,3223.302086272258,PSD,48.708611,2.158889
FR0022R,2014,1352.8917519880602,PSD,48.5622222222,5.50555555556
GR0100B,2014,81.04389008179648,PSD,37.9949989319,23.8159999847
IT0004R,2014,4508.578366558857,PSD,45.8,8.633333
MT0001R,2014,112817.40698593888,PSD,36.0722,14.2184
NL0011R,2014,4422.159837450845,PSD,51.970278,4.926389
NO0002R,2014,34.97423254264256,PSD,58.38853,8.252
NO0059G,2014,195.6449167804266,PSD,-72.0117,2.5351
SE0011R,2014,1306.0149266469932,PSD,56.016667,13.15
SE0012R,2014,1163.2425200181096,PSD,58.8,17.8333
BE0007R,2015,1691.018753516544,PSD,50.304003,6.001271
BG0001R,2015,521.7250542180723,PSD,24.166667,23.583333
CZ0003R,2015,2159.566764286779,PSD,49.583333,15.083333
DE0003R,2015,1296.8998643292323,PSD,47.914722,7.908611
DE0054R,2015,731.5333434576211,PSD,47.416667,10.981667
DE0055B,2015,3012.0667166432395,PSD,51.3525,12.4346
DE0061B,2015,5452.812355979037,PSD,50.571667,12.998889
DE0063K,2015,6890.304232013906,PSD,51.06,13.74
DE0064B,2015,4478.758467891577,PSD,51.036111,13.730556
DE0066K,2015,8617.493821127528,PSD,51.345833,12.406389
DE0067K,2015,6858.398151875569,PSD,51.344167,12.377222
DE0068B,2015,4037.083742692689,PSD,51.318056,12.2975
ES1778R,2015,2492.0803704113014,PSD,41.766667,2.35
FR0019R,2015,6.876030405532595,PSD,42.936667,0.141944
FR0020R,2015,3486.799769560198,PSD,48.708611,2.158889
FR0022R,2015,1531.548709146893,PSD,48.5622222222,5.50555555556
GR0100B,2015,153.3927694163361,PSD,37.9949989319,23.8159999847
IT0015U,2015,4550.939926604638,PSD,40.3358,18.1245
LT0015R,2015,1328.848996646191,PSD,55.3761111111,21.0305555556
NL0011R,2015,5062.802761534316,PSD,51.970278,4.926389
NO0002R,2015,40.89488810594515,PSD,58.38853,8.252
NO0059G,2015,172.11584289383543,PSD,-72.0117,2.5351
SE0011R,2015,7694.603045128187,PSD,56.016667,13.15
SE0012R,2015,1241.941255751382,PSD,58.8,17.8333
BG0001R,2016,487.1695932920116,PSD,24.166667,23.583333
DE0044R,2016,3602.606619653589,PSD,51.53,12.93
DE0054R,2016,707.417776505758,PSD,47.416667,10.981667
DE0055B,2016,2978.3083178443903,PSD,51.3525,12.4346
DE0060G,2016,1.2535979048843486,PSD,-70.666,-8.266
DE0061B,2016,5237.449603608131,PSD,50.571667,12.998889
DE0064B,2016,4568.3523700486285,PSD,51.036111,13.730556
DE0066K,2016,7920.548421376699,PSD,51.345833,12.406389
DE0067K,2016,8316.035607281898,PSD,51.344167,12.377222
DE0068B,2016,4749.041894193234,PSD,51.318056,12.2975
DE0069B,2016,8001.732968699061,PSD,51.453459,6.86506
ES0100R,2016,4067.145541076772,PSD,37.1,-6.733333
ES1778R,2016,57.78886226915036,PSD,41.766667,2.35
FR0022R,2016,1548.951023851881,PSD,48.5622222222,5.50555555556
GR0101R,2016,1565.239433389376,PSD,37.984265,22.196262
IT0015U,2016,4207.339639746837,PSD,40.3358,18.1245
NO0002R,2016,561.9504886287655,PSD,58.38853,8.252
NO0042G,2016,89.8761156373092,PSD,78.90715,11.88668
NO0059G,2016,222.4453957272504,PSD,-72.0117,2.5351
SE0012R,2016,1182.61154597402,PSD,58.8,17.8333
BG0001R,2017,867.3684695678483,PSD,24.166667,23.583333
CZ0003R,2017,1726.3483379393283,PSD,49.583333,15.083333
DE0044R,2017,3763.654049323673,PSD,51.53,12.93
DE0054R,2017,792.4574752595616,PSD,47.416667,10.981667
DE0055B,2017,3654.121193481703,PSD,51.3525,12.4346
DE0061B,2017,4028.137973954966,PSD,50.571667,12.998889
DE0066K,2017,6983.299724310776,PSD,51.345833,12.406389
DE0067K,2017,4085.269808314973,PSD,51.344167,12.377222
DE0069B,2017,6593.369442075086,PSD,51.453459,6.86506
DE0070R,2017,3386.999121166382,PSD,50.603222,13.465583
ES0100R,2017,3380.8009408403564,PSD,37.1,-6.733333
ES1778R,2017,63.912395818575725,PSD,41.766667,2.35
FR0020R,2017,4231.58596190562,PSD,48.708611,2.158889
FR0022R,2017,1207.316609368244,PSD,48.5622222222,5.50555555556
FR0026R,2017,817.3414286942004,PSD,-21.079449,55.383006
GR0002R,2017,1755.564069448631,PSD,35.316667,25.666667
IT0015U,2017,5299.469588716195,PSD,40.3358,18.1245
SE0011R,2017,1335.5849520773031,PSD,56.016667,13.15
SE0012R,2017,1356.8029128685737,PSD,58.8,17.8333
BG0001R,2018,307.5495068552204,PSD,24.166667,23.583333
CH0001G,2018,175.66258945261396,PSD,46.5475,7.985
CZ0003R,2018,2005.1033168058027,PSD,49.583333,15.083333
DE0044R,2018,3952.353485987424,PSD,51.53,12.93
DE0061B,2018,4091.233467836432,PSD,50.571667,12.998889
DE0066K,2018,8511.44993410299,PSD,51.345833,12.406389
DE0069B,2018,8423.790899060523,PSD,51.453459,6.86506
FR0022R,2018,926.8001162663212,PSD,48.5622222222,5.50555555556
GR0002R,2018,1518.1693759846144,PSD,35.316667,25.666667
IT0015U,2018,4737.994021562458,PSD,40.3358,18.1245
BG0001R,2019,1204.345837750376,PSD,24.166667,23.583333
DE0061B,2019,3736.158849847361,PSD,50.571667,12.998889
DE0066K,2019,9096.877843123835,PSD,51.345833,12.406389
DE0069B,2019,7095.2869204256585,PSD,51.453459,6.86506
FR0020R,2019,3565.4610249477514,PSD,48.708611,2.158889
FR0022R,2019,1758.7968894938265,PSD,48.5622222222,5.50555555556
IT0015U,2019,4794.129925748568,PSD,40.3358,18.1245
DE0069B,2020,6578.345390516954,PSD,51.453459,6.86506
IE0010U,2020,3711.9880199047607,PSD,53.309,-6.223
IE0031R,2020,651.2666539394044,PSD,53.32583,-9.89944
IT0015U,2020,4314.311542562048,PSD,40.3358,18.1245
IE0031R,2021,622.920382090084,PSD,53.32583,-9.89944
IT0015U,2021,4469.279371279828,PSD,40.3358,18.1245
CH0001G,2000,800.5916386890488,PNC,46.5475,7.985
DE0043G,2000,5632.620126705653,PNC,47.8,11.016667
DE0060G,2000,411.56339432324654,PNC,-70.666,-8.266
FI0096G,2000,840.8409621552277,PNC,67.973333333,24.116111111
IE0031R,2000,4908.029530201342,PNC,53.32583,-9.89944
US0008R,2000,194.03631296449217,PNC,71.32301,-156.61147
US0035R,2000,5745.230090650792,PNC,40.049999,-88.366669
US1200R,2000,586.1860289680145,PNC,19.53623,-155.576157
US6002C,2000,4849.231961237169,PNC,36.605,-97.484999
US6004G,2000,196.6491859329209,PNC,-89.996948,-24.799999
US9050R,2000,2754.5358032962613,PNC,40.445,-106.744003
CH0001G,2001,480.8516732787121,PNC,46.5475,7.985
DE0043G,2001,4612.7041120767935,PNC,47.8,11.016667
FI0096G,2001,833.7060255387072,PNC,67.973333333,24.116111111
US0008R,2001,232.1809285389167,PNC,71.32301,-156.61147
US0035R,2001,5359.887689177159,PNC,40.049999,-88.366669
US1200R,2001,523.2723349317595,PNC,19.53623,-155.576157
US6002C,2001,5189.566036452353,PNC,36.605,-97.484999
US6004G,2001,192.6704803719008,PNC,-89.996948,-24.799999
US9050R,2001,3677.71608254759,PNC,40.445,-106.744003
CH0001G,2002,474.1323516140229,PNC,46.5475,7.985
DE0043G,2002,3431.366383567055,PNC,47.8,11.016667
FI0096G,2002,740.8935410151552,PNC,67.973333333,24.116111111
US0035R,2002,6112.8460958697615,PNC,40.049999,-88.366669
US1200R,2002,487.89690045698393,PNC,19.53623,-155.576157
US6002C,2002,4630.015922011335,PNC,36.605,-97.484999
US6004G,2002,202.85654250238773,PNC,-89.996948,-24.799999
US6005G,2002,1141.2033715676052,PNC,41.0541,-124.151001
US9050R,2002,3893.4180099987807,PNC,40.445,-106.744003
CH0001G,2003,582.8146031378113,PNC,46.5475,7.985
DE0043G,2003,3711.226804123711,PNC,47.8,11.016667
FI0096G,2003,767.650888967385,PNC,67.973333333,24.116111111
US0035R,2003,5762.634394589245,PNC,40.049999,-88.366669
US1200R,2003,432.15861239221977,PNC,19.53623,-155.576157
US6002C,2003,4682.579650759116,PNC,36.605,-97.484999
US6004G,2003,62.84251393188854,PNC,-89.996948,-24.799999
US6005G,2003,825.650622504111,PNC,41.0541,-124.151001
US9050R,2003,3536.97376796105,PNC,40.445,-106.744003
CA0420G,2004,212.69853466090552,PNC,82.4991455078,-62.3415260315
CH0001G,2004,491.2562489385124,PNC,46.5475,7.985
DE0043G,2004,3467.294511693501,PNC,47.8,11.016667
FI0096G,2004,799.0745654162855,PNC,67.973333333,24.116111111
IE0031R,2004,1550.1544968833482,PNC,53.32583,-9.89944
US0008R,2004,275.20365075312736,PNC,71.32301,-156.61147
US0035R,2004,5274.922366863905,PNC,40.049999,-88.366669
US1200R,2004,467.7099266891223,PNC,19.53623,-155.576157
US6001R,2004,272.0592229484386,PNC,-14.2466,-170.5637
US6002C,2004,4740.787114020428,PNC,36.605,-97.484999
US6004G,2004,130.28294609665429,PNC,-89.996948,-24.799999
US6005G,2004,695.6986606102959,PNC,41.0541,-124.151001
US9050R,2004,3258.5685318752912,PNC,40.445,-106.744003
CA0420G,2005,188.33914764079148,PNC,82.4991455078,-62.3415260315
CH0001G,2005,503.618799535304,PNC,46.5475,7.985
DE0043G,2005,3426.6199917954327,PNC,47.8,11.016667
DE0060G,2005,358.03779513888884,PNC,-70.666,-8.266
FI0050R,2005,2422.45412708883,PNC,61.85,24.283333
FI0096G,2005,938.545642958412,PNC,67.973333333,24.116111111
FR0030R,2005,2192.345138081396,PNC,45.772223,2.964886
IE0031R,2005,1804.056851311953,PNC,53.32583,-9.89944
PR0100C,2005,1104.8378433073142,PNC,18.381065,-65.617752
US0008R,2005,171.74226415094338,PNC,71.32301,-156.61147
US0035R,2005,5871.621004746836,PNC,40.049999,-88.366669
US1200R,2005,463.5616218236173,PNC,19.53623,-155.576157
US6001R,2005,333.02594252163163,PNC,-14.2466,-170.5637
US6002C,2005,4505.6117468515085,PNC,36.605,-97.484999
US6004G,2005,171.89037694583814,PNC,-89.996948,-24.799999
US6005G,2005,1270.0567891859052,PNC,41.0541,-124.151001
US9050R,2005,3297.341059523809,PNC,40.445,-106.744003
CA0420G,2006,221.77056039089936,PNC,82.4991455078,-62.3415260315
CH0001G,2006,464.1917652825836,PNC,46.5475,7.985
DE0043G,2006,13257.38545433672,PNC,47.8,11.016667
FI0050R,2006,2626.1030151593013,PNC,61.85,24.283333
FI0096G,2006,748.5743954983923,PNC,67.973333333,24.116111111
FR0030R,2006,2192.345138081396,PNC,45.772223,2.964886
IE0031R,2006,2091.066275167785,PNC,53.32583,-9.89944
PR0100C,2006,778.7917579408544,PNC,18.381065,-65.617752
US0008R,2006,178.657343102899,PNC,71.32301,-156.61147
US0035R,2006,3945.4347198222654,PNC,40.049999,-88.366669
US1200R,2006,398.6397050318103,PNC,19.53623,-155.576157
US6001R,2006,203.30691327237463,PNC,-14.2466,-170.5637
US6002C,2006,4268.277382196532,PNC,36.605,-97.484999
US6004G,2006,120.12659073055774,PNC,-89.996948,-24.799999
US6005G,2006,1337.587699861513,PNC,41.0541,-124.151001
US9050R,2006,2025.360575187,PNC,40.445,-106.744003
CA0420G,2007,269.5855539045732,PNC,82.4991455078,-62.3415260315
CH0001G,2007,474.2143358208955,PNC,46.5475,7.985
DE0043G,2007,3334.892831977452,PNC,47.8,11.016667
ES0018G,2007,2445.7540576054216,PNC,28.309,-16.4994
FI0050R,2007,2228.654463347796,PNC,61.85,24.283333
FR0030R,2007,2214.75569025235,PNC,45.772223,2.964886
HU0002R,2007,3657.4793388429753,PNC,46.966667,19.583333
IE0031R,2007,1635.4485294117646,PNC,53.32583,-9.89944
US0008R,2007,201.59509202453987,PNC,71.32301,-156.61147
US0035R,2007,3012.9794140176177,PNC,40.049999,-88.366669
US1200R,2007,444.07422638436486,PNC,19.53623,-155.576157
US6001R,2007,167.9153794582998,PNC,-14.2466,-170.5637
US6002C,2007,3788.2167035092216,PNC,36.605,-97.484999
US6004G,2007,101.56663245670302,PNC,-89.996948,-24.799999
US6005G,2007,1239.4886230354211,PNC,41.0541,-124.151001
US9050R,2007,3191.4512628624884,PNC,40.445,-106.744003
CA0420G,2008,267.3478382447839,PNC,82.4991455078,-62.3415260315
CH0001G,2008,445.5283863820903,PNC,46.5475,7.985
DE0043G,2008,3126.9727891156463,PNC,47.8,11.016667
DE0060G,2008,438.3402014086248,PNC,-70.666,-8.266
FI0050R,2008,1969.529434847272,PNC,61.85,24.283333
FI0096G,2008,732.680596470276,PNC,67.973333333,24.116111111
FR0030R,2008,3165.00390911312,PNC,45.772223,2.964886
GB0036R,2008,5032.144707207207,PNC,51.573056,-1.316667
HU0002R,2008,2138.663201320132,PNC,46.966667,19.583333
IE0031R,2008,1322.4674138646742,PNC,53.32583,-9.89944
LT0015R,2008,2792.435184102864,PNC,55.3761111111,21.0305555556
US0008R,2008,325.229190451479,PNC,71.32301,-156.61147
US0035R,2008,5975.240153788447,PNC,40.049999,-88.366669
US1200R,2008,490.3621244635193,PNC,19.53623,-155.576157
US6001R,2008,186.0302307692308,PNC,-14.2466,-170.5637
US6002C,2008,4176.866730513996,PNC,36.605,-97.484999
US6005G,2008,1098.189681122449,PNC,41.0541,-124.151001
US9050R,2008,3442.7995298140627,PNC,40.445,-106.744003
ZA0001G,2008,1398.9886623597415,PNC,-34.35348,18.48968
CA0100R,2009,747.3688869056119,PNC,50.059299469,-122.9576034546
CA0420G,2009,260.48170308352053,PNC,82.4991455078,-62.3415260315
CH0001G,2009,485.2451203217908,PNC,46.5475,7.985
DE0043G,2009,3143.245089769852,PNC,47.8,11.016667
ES0018G,2009,3101.354609180609,PNC,28.309,-16.4994
FI0050R,2009,2107.887797687861,PNC,61.85,24.283333
FI0096G,2009,721.0603483939286,PNC,67.973333333,24.116111111
FR0030R,2009,2754.233264429957,PNC,45.772223,2.964886
GB0036R,2009,5381.2158405289765,PNC,51.573056,-1.316667
IE0031R,2009,1735.8332245004572,PNC,53.32583,-9.89944
LT0015R,2009,2447.4938474252936,PNC,55.3761111111,21.0305555556
TW0100R,2009,1492.179073482428,PNC,23.47,120.87
US0008R,2009,267.09967741935486,PNC,71.32301,-156.61147
US0035R,2009,4418.022448662104,PNC,40.049999,-88.366669
US1200R,2009,442.5276862090549,PNC,19.53623,-155.576157
US6001R,2009,222.71226589833296,PNC,-14.2466,-170.5637
US6002C,2009,4263.125412026726,PNC,36.605,-97.484999
US6004G,2009,286.78765863313544,PNC,-89.996948,-24.799999
US6005G,2009,878.9345808766982,PNC,41.0541,-124.151001
US9050R,2009,3518.596485528647,PNC,40.445,-106.744003
ZA0001G,2009,926.9271054721978,PNC,-34.35348,18.48968
CA0100R,2010,600.639973570658,PNC,50.059299469,-122.9576034546
CA0102R,2010,1372.99522956327,PNC,54.353743,-104.986864
CA0420G,2010,253.45460549183176,PNC,82.4991455078,-62.3415260315
CH0001G,2010,373.9275265166469,PNC,46.5475,7.985
DE0043G,2010,3819.4248037291454,PNC,47.8,11.016667
DE0060G,2010,441.4933927188226,PNC,-70.666,-8.266
FI0050R,2010,2157.03257042747,PNC,61.85,24.283333
FI0096G,2010,741.1471415254238,PNC,67.973333333,24.116111111
FR0030R,2010,78751.58550228311,PNC,45.772223,2.964886
GB0036R,2010,4933.806432758379,PNC,51.573056,-1.316667
IE0031R,2010,3668.4237266083032,PNC,53.32583,-9.89944
LT0015R,2010,2753.482506287068,PNC,55.3761111111,21.0305555556
NO0042G,2010,364.5101851516737,PNC,78.90715,11.88668
TW0100R,2010,1319.4797648872616,PNC,23.47,120.87
US0008R,2010,215.7476827757125,PNC,71.32301,-156.61147
US0035R,2010,3795.2934351775393,PNC,40.049999,-88.366669
US1200R,2010,374.9338938053097,PNC,19.53623,-155.576157
US3446C,2010,4124.0,PNC,36.213001,-81.692001
US6001R,2010,329.4506143162393,PNC,-14.2466,-170.5637
US6002C,2010,2673.359387791212,PNC,36.605,-97.484999
US6004G,2010,348.3403617216117,PNC,-89.996948,-24.799999
US6005G,2010,982.2128894680724,PNC,41.0541,-124.151001
US9050R,2010,2452.45250755287,PNC,40.445,-106.744003
ZA0001G,2010,1135.542614596146,PNC,-34.35348,18.48968
CA0011R,2011,5059.530284028034,PNC,44.231006,-79.783839
CA0100R,2011,514.851200809307,PNC,50.059299469,-122.9576034546
CA0102R,2011,1459.419680583501,PNC,54.353743,-104.986864
CA0420G,2011,218.42768122749337,PNC,82.4991455078,-62.3415260315
CH0001G,2011,398.8592106256742,PNC,46.5475,7.985
FI0050R,2011,2051.8580832735106,PNC,61.85,24.283333
FI0096G,2011,730.5162759586124,PNC,67.973333333,24.116111111
FR0030R,2011,1577.886960772333,PNC,45.772223,2.964886
PR0100C,2011,620.0309261744967,PNC,18.381065,-65.617752
TW0100R,2011,1432.6725603536213,PNC,23.47,120.87
US0008R,2011,128.37674138346588,PNC,71.32301,-156.61147
US0035R,2011,3810.098863461834,PNC,40.049999,-88.366669
US1200R,2011,250.2223698193412,PNC,19.53623,-155.576157
US3446C,2011,3195.3713135440453,PNC,36.213001,-81.692001
US6001R,2011,347.8149861239593,PNC,-14.2466,-170.5637
US6002C,2011,4208.582569802372,PNC,36.605,-97.484999
US6004G,2011,275.9723871654906,PNC,-89.996948,-24.799999
US6005G,2011,1080.6502554371623,PNC,41.0541,-124.151001
US9050R,2011,2591.559676440849,PNC,40.445,-106.744003
ZA0001G,2011,848.2691840643555,PNC,-34.35348,18.48968
CA0011R,2012,5093.099694311537,PNC,44.231006,-79.783839
CA0100R,2012,578.5355655370844,PNC,50.059299469,-122.9576034546
CA0102R,2012,1199.4912567789129,PNC,54.353743,-104.986864
CA0420G,2012,263.0986324563689,PNC,82.4991455078,-62.3415260315
CH0001G,2012,374.740927403393,PNC,46.5475,7.985
FI0050R,2012,2346.4470601407547,PNC,61.85,24.283333
KR0101R,2012,5941.23906603063,PNC,33.279999,126.169998
PR0100C,2012,570.2411592900471,PNC,18.381065,-65.617752
TW0100R,2012,1205.365228498439,PNC,23.47,120.87
US0008R,2012,313.16099150141645,PNC,71.32301,-156.61147
US0035R,2012,4227.246778135048,PNC,40.049999,-88.366669
US1200R,2012,418.0143501274261,PNC,19.53623,-155.576157
US3446C,2012,3312.426827578242,PNC,36.213001,-81.692001
US6001R,2012,289.74233576642337,PNC,-14.2466,-170.5637
US6002C,2012,3723.9212245108138,PNC,36.605,-97.484999
US6004G,2012,215.5948864391021,PNC,-89.996948,-24.799999
US6005G,2012,1018.4150229357798,PNC,41.0541,-124.151001
US9050R,2012,3728.054739303893,PNC,40.445,-106.744003
ZA0001G,2012,1058.1149859773964,PNC,-34.35348,18.48968
AU0002G,2013,1246.046610927348,PNC,-40.68222,144.68834
CA0011R,2013,4510.754963503649,PNC,44.231006,-79.783839
CA0100R,2013,587.3631923076923,PNC,50.059299469,-122.9576034546
CA0102R,2013,1314.2618084611809,PNC,54.353743,-104.986864
CA0420G,2013,240.9738379814077,PNC,82.4991455078,-62.3415260315
CH0001G,2013,375.8463237293996,PNC,46.5475,7.985
FI0050R,2013,2514.9970758426966,PNC,61.85,24.283333
FR0030R,2013,1488.611250156113,PNC,45.772223,2.964886
IE0031R,2013,1780.3663182234293,PNC,53.32583,-9.89944
TW0100R,2013,1354.9676554735731,PNC,23.47,120.87
US0008R,2013,240.847694922456,PNC,71.32301,-156.61147
US0035R,2013,3146.0958460865763,PNC,40.049999,-88.366669
US1200R,2013,620.7269493177388,PNC,19.53623,-155.576157
US3446C,2013,2965.4597614636405,PNC,36.213001,-81.692001
US6001R,2013,260.8676909871245,PNC,-14.2466,-170.5637
US6002C,2013,3939.262249183753,PNC,36.605,-97.484999
US6004G,2013,202.54480305625083,PNC,-89.996948,-24.799999
US6005G,2013,1166.779966749792,PNC,41.0541,-124.151001
US9050R,2013,3477.853491868252,PNC,40.445,-106.744003
AT0034G,2014,1027.9476659705692,PNC,47.05407,12.95794
AU0002G,2014,1375.6514975493055,PNC,-40.68222,144.68834
CA0011R,2014,4737.423084101249,PNC,44.231006,-79.783839
CA0102R,2014,790.7182757645396,PNC,54.353743,-104.986864
CA0420G,2014,145.4136330248274,PNC,82.4991455078,-62.3415260315
CH0001G,2014,388.43074010833726,PNC,46.5475,7.985
ES1778R,2014,4496.434891757077,PNC,41.766667,2.35
FR0030R,2014,1580.2799440668366,PNC,45.772223,2.964886
IE0031R,2014,1799.762533167019,PNC,53.32583,-9.89944
KR0101R,2014,6435.152551408987,PNC,33.279999,126.169998
TW0100R,2014,1391.5035774247706,PNC,23.47,120.87
US0008R,2014,258.9723669048168,PNC,71.32301,-156.61147
US0035R,2014,3382.781642284096,PNC,40.049999,-88.366669
US1200R,2014,514.9093786362579,PNC,19.53623,-155.576157
US3446C,2014,2976.5893143774365,PNC,36.213001,-81.692001
US6001R,2014,295.9183023384276,PNC,-14.2466,-170.5637
US6002C,2014,3758.436972322503,PNC,36.605,-97.484999
US6004G,2014,200.9451806459849,PNC,-89.996948,-24.799999
US6005G,2014,1174.519995355318,PNC,41.0541,-124.151001
US9050R,2014,3788.2742684157415,PNC,40.445,-106.744003
AT0034G,2015,1371.6309078581362,PNC,47.05407,12.95794
AU0002G,2015,1304.8960767470371,PNC,-40.68222,144.68834
CA0011R,2015,5088.865118715084,PNC,44.231006,-79.783839
CA0102R,2015,1910.6918231026143,PNC,54.353743,-104.986864
CA0420G,2015,221.79291891891893,PNC,82.4991455078,-62.3415260315
ES1778R,2015,3906.002546988653,PNC,41.766667,2.35
IE0031R,2015,1493.8663342148773,PNC,53.32583,-9.89944
IT0016R,2015,5529.3849326235495,PNC,38.9,16.2
KR0101R,2015,5009.945002461842,PNC,33.279999,126.169998
TW0100R,2015,1249.236274657431,PNC,23.47,120.87
US0008R,2015,274.9669047133238,PNC,71.32301,-156.61147
US0035R,2015,4113.307683467411,PNC,40.049999,-88.366669
US1200R,2015,499.6230961582178,PNC,19.53623,-155.576157
US3446C,2015,2931.8452614186235,PNC,36.213001,-81.692001
US6001R,2015,285.3596790713554,PNC,-14.2466,-170.5637
US6002C,2015,3625.227676989513,PNC,36.605,-97.484999
US6004G,2015,195.0580166346769,PNC,-89.996948,-24.799999
US6005G,2015,1520.6527862327323,PNC,41.0541,-124.151001
US9050R,2015,3276.707576758006,PNC,40.445,-106.744003
AT0034G,2016,1226.6259957235322,PNC,47.05407,12.95794
AU0002G,2016,1394.065552606013,PNC,-40.68222,144.68834
CA0011R,2016,4733.360854010386,PNC,44.231006,-79.783839
CA0102R,2016,1370.0149680281872,PNC,54.353743,-104.986864
CA0420G,2016,270.0726789510985,PNC,82.4991455078,-62.3415260315
CH0001G,2016,443.3823124639687,PNC,46.5475,7.985
IE0031R,2016,1357.2857384575373,PNC,53.32583,-9.89944
PR0100C,2016,3128.675629569456,PNC,18.381065,-65.617752
TW0100R,2016,1355.1945592897907,PNC,23.47,120.87
US0008R,2016,257.72502520669485,PNC,71.32301,-156.61147
US0035R,2016,3012.243710428861,PNC,40.049999,-88.366669
US1200R,2016,514.0473072360617,PNC,19.53623,-155.576157
US3446C,2016,2501.1386963366413,PNC,36.213001,-81.692001
US6001R,2016,301.3466572282523,PNC,-14.2466,-170.5637
US6002C,2016,3884.837594143272,PNC,36.605,-97.484999
US6004G,2016,225.86565070802428,PNC,-89.996948,-24.799999
US6005G,2016,1421.5414114358914,PNC,41.0541,-124.151001
US9050R,2016,3296.3265362084007,PNC,40.445,-106.744003
AT0034G,2017,1299.3826622911697,PNC,47.05407,12.95794
AU0002G,2017,1106.2508577438864,PNC,-40.68222,144.68834
CA0011R,2017,3555.95536998659,PNC,44.231006,-79.783839
CA0102R,2017,1570.086450952606,PNC,54.353743,-104.986864
CA0420G,2017,222.8254437068148,PNC,82.4991455078,-62.3415260315
CH0001G,2017,422.33022591985,PNC,46.5475,7.985
ES0022R,2017,4935.456522758895,PNC,42.05134,0.72956
ES0100R,2017,8292.953063260826,PNC,37.1,-6.733333
IE0031R,2017,1099.311606533556,PNC,53.32583,-9.89944
IT0009R,2017,1163.5303850760763,PNC,44.16667,10.68333
TW0100R,2017,1452.5327849588718,PNC,23.47,120.87
US0008R,2017,268.71554878048784,PNC,71.32301,-156.61147
US0035R,2017,2829.988209886418,PNC,40.049999,-88.366669
US1200R,2017,472.0571131158917,PNC,19.53623,-155.576157
US3446C,2017,3008.6766428106703,PNC,36.213001,-81.692001
US6004G,2017,212.364796652282,PNC,-89.996948,-24.799999
US6005G,2017,930.7627700831024,PNC,41.0541,-124.151001
US9050R,2017,2671.7360896986684,PNC,40.445,-106.744003
AT0034G,2018,1324.838480460704,PNC,47.05407,12.95794
AU0002G,2018,1217.236360859079,PNC,-40.68222,144.68834
CA0011R,2018,4273.477544463568,PNC,44.231006,-79.783839
CA0102R,2018,1408.1334669568207,PNC,54.353743,-104.986864
CA0420G,2018,236.4670086819258,PNC,82.4991455078,-62.3415260315
CH0001G,2018,458.0436144004356,PNC,46.5475,7.985
ES0100R,2018,6974.074835377664,PNC,37.1,-6.733333
IE0031R,2018,1127.0888661812644,PNC,53.32583,-9.89944
KR0101R,2018,4448.895669894651,PNC,33.279999,126.169998
TW0100R,2018,1326.7295891771132,PNC,23.47,120.87
US0008R,2018,257.3246612466125,PNC,71.32301,-156.61147
US0035R,2018,3820.769807597435,PNC,40.049999,-88.366669
US1200R,2018,485.19590830663054,PNC,19.53623,-155.576157
US3446C,2018,2701.4036446991404,PNC,36.213001,-81.692001
US6004G,2018,226.24566373871087,PNC,-89.996948,-24.799999
US9050R,2018,2369.718252688172,PNC,40.445,-106.744003
AT0034G,2019,1657.8988290221737,PNC,47.05407,12.95794
AU0002G,2019,1036.1559641246836,PNC,-40.68222,144.68834
CA0011R,2019,4406.562659817351,PNC,44.231006,-79.783839
CA0102R,2019,1220.179139489644,PNC,54.353743,-104.986864
CA0420G,2019,269.7053971928809,PNC,82.4991455078,-62.3415260315
ES0100R,2019,5985.567912895186,PNC,37.1,-6.733333
IE0031R,2019,1239.1703861377728,PNC,53.32583,-9.89944
KR0101R,2019,4371.078793375796,PNC,33.279999,126.169998
PR0100C,2019,325.5156646312823,PNC,18.381065,-65.617752
TW0100R,2019,1248.1415630550623,PNC,23.47,120.87
US0008R,2019,345.5175255338904,PNC,71.32301,-156.61147
US0035R,2019,3510.2381343644274,PNC,40.049999,-88.366669
US1200R,2019,463.70616621983913,PNC,19.53623,-155.576157
US3446C,2019,2746.0765288825137,PNC,36.213001,-81.692001
US6004G,2019,211.10866160998287,PNC,-89.996948,-24.799999
US9050R,2019,3290.361235662148,PNC,40.445,-106.744003
AU0002G,2020,1345.3231961756867,PNC,-40.68222,144.68834
CA0102R,2020,1286.179222000235,PNC,54.353743,-104.986864
CA0420G,2020,241.16839608203244,PNC,82.4991455078,-62.3415260315
ES0100R,2020,6319.31811526687,PNC,37.1,-6.733333
IE0031R,2020,1387.9253179147704,PNC,53.32583,-9.89944
KR0101R,2020,3979.5352770588233,PNC,33.279999,126.169998
PR0100C,2020,480.171710253217,PNC,18.381065,-65.617752
TW0100R,2020,1377.9349230534815,PNC,23.47,120.87
US0008R,2020,228.9989763421292,PNC,71.32301,-156.61147
US0035R,2020,2700.04260113322,PNC,40.049999,-88.366669
US0901R,2020,5410.164794504038,PNC,40.125,-105.237
US1200R,2020,458.1466636710852,PNC,19.53623,-155.576157
US3446C,2020,2576.257992090828,PNC,36.213001,-81.692001
US6004G,2020,219.770036056198,PNC,-89.996948,-24.799999
US9050R,2020,3227.655126336249,PNC,40.445,-106.744003
AU0002G,2021,1106.7983073282794,PNC,-40.68222,144.68834
CA0011R,2021,3830.456794507576,PNC,44.231006,-79.783839
CA0102R,2021,1676.721139979398,PNC,54.353743,-104.986864
DK0025G,2021,158.1773313782991,PNC,72.580002,-38.48
ES0100R,2021,7412.697201946472,PNC,37.1,-6.733333
IE0031R,2021,2733.7500200641825,PNC,53.32583,-9.89944
KR0101R,2021,3864.6535891115927,PNC,33.279999,126.169998
PR0100C,2021,467.0334797615312,PNC,18.381065,-65.617752
TW0100R,2021,1526.710309785281,PNC,23.47,120.87
US0008R,2021,291.79163952225844,PNC,71.32301,-156.61147
US0035R,2021,1913.722652757079,PNC,40.049999,-88.366669
US0901R,2021,4346.957106475867,PNC,40.125,-105.237
US1200R,2021,489.5287791368567,PNC,19.53623,-155.576157
US3446C,2021,2796.59785569791,PNC,36.213001,-81.692001
US6004G,2021,279.433531655225,PNC,-89.996948,-24.799999
DK0025G,2022,129.40700483091788,PNC,72.580002,-38.48
ES0100R,2022,6697.406130156885,PNC,37.1,-6.733333
US0008R,2022,329.5219909502262,PNC,71.32301,-156.61147
US0035R,2022,2811.429580806749,PNC,40.049999,-88.366669
US0901R,2022,4498.771812434141,PNC,40.125,-105.237
US1200R,2022,505.479734586674,PNC,19.53623,-155.576157
US3446C,2022,2775.0644227153066,PNC,36.213001,-81.692001
US6004G,2022,227.284057775378,PNC,-89.996948,-24.799999
Rochester (NY),2015,4450.0,,43.14,-77.54
Boston (MA),2015,12200.0,,42.33,-71.1
Somerville (MA),2015,10000.0,,42.4,-71.09
Queens (NY),2015,8210.0,,40.73,-73.82
Long Island (NY),2015,7600.0,,40.74,-73.58
Livermore (CA),2015,8220.0,,37.69,-121.78
Red Wood (CA),2015,11910.0,,37.48,-122.2
San Pablo (CA),2015,10480.0,,37.96,-122.36
Santa Rosa (CA),2015,8660.0,,38.44,-122.71
Anaheim (CA),2015,13950.0,,33.83,-117.94
Central LA (CA),2015,17780.0,,34.07,-118.23
Compton (CA),2015,14000.0,,33.9,-118.21
Rubidoux (CA),2015,12930.0,,34.0,-117.42
"ASU, Boone (NC, US)",2015,2930.0,,36.21,-81.69
"Bondville (IL, US)",2015,4095.0,,40.05,-88.37
"Egbert (ON, CA)",2015,4962.0,,44.23,-79.78
"SGP E13 (OK, US)",2015,3600.0,,36.6,-97.48
"Trinidad Head (CA, US)",2015,1526.0,,41.05,-124.15
Annaberg-Buchholz (DE),2015,6649.0,,50.57,13.0
Cabauw Zijdeweg (NL),2015,6324.0,,51.97,4.93
DD-Nord (DE),2015,10526.0,,51.06,13.74
DD-Winckelmannstr (DE),2015,5474.0,,51.04,13.73
ECO Lecce (IT),2015,5372.0,,40.34,18.12
Finokalia (GR),2015,1421.0,,35.34,25.67
Hohenpeissenberg (DE),2015,2302.0,,47.8,11.01
K-puszta (HU),2015,4040.0,,46.58,19.35
LE-Eisenbahnstr (DE),2015,14410.0,,51.35,12.41
LE-Mitte (DE),2015,10623.0,,51.34,12.38
LE-West (DE),2015,6222.0,,51.32,12.3
Leipzig (DE),2015,4882.0,,51.35,12.43
Madrid (ES),2015,11311.0,,40.46,-3.73
Melpitz (DE),2015,7018.0,,51.53,12.93
Montseny (ES),2015,3056.0,,41.78,2.36
NOAK Kosetice (CZ),2015,2569.0,,49.58,15.08
Neuglobsow (DE),2015,2808.0,,53.14,13.03
OPE (FR),2015,1834.0,,48.56,5.5
Prague-Suchdol (CZ),2015,6421.0,,50.12,14.38
SIRTA Palaiseau (FR),2015,4239.0,,48.71,2.16
Schauinsland (DE),2015,1545.0,,47.9,7.92
Vielsalm (BE),2015,2082.0,,50.3,6.0
Shanghai,2015,12800.0,,31.17,121.43
Beijing,2015,14812.0,,39.94,116.29
Beijing,2015,24900.0,,39.9,116.38
Lin'an,2015,4928.0,,30.28,119.75
Gucheng,2015,8284.0,,39.15,115.73
Delhi IITM,2015,19750.0,,28.61,77.1
Delhi IITD,2015,42972.0,,28.55,77.19
Delhi MRIU,2015,17350.0,,28.45,77.28
Mahabaleshwar,2015,2441.0,,17.92,73.66
Hyderabad,2015,4680.0,,17.46,78.32
BEO Moussala (BG),2015,542.0,,42.18,23.59
Hyytiälä (FI),2015,1430.0,,61.85,24.3
Sammaltunturi Pallas (FI),2015,556.0,,67.97,24.12
Trollhaugen (NO),2015,154.0,,-72.02,2.53
Värriö (FI),2015,697.0,,67.75,29.61
Zeppelin Mountain (NO),2015,161.0,,79.9,11.86
Zugspitze (DE),2015,944.0,,47.41,10.98
"Alert (NU, CA)",2015,205.0,,82.5,-62.34
"Barrow (AK, US)",2015,277.0,,71.32,-156.61
South Pole,2015,192.0,,-90.0,-24.8
ATTO,2015,376.0,,-2.14,-59.0
ATom,2015,403.0,,30.0,-50.0
Rochester (NY),2016,4450.0,,43.14,-77.54
Boston (MA),2016,12200.0,,42.33,-71.1
Somerville (MA),2016,10000.0,,42.4,-71.09
Queens (NY),2016,8210.0,,40.73,-73.82
Long Island (NY),2016,7600.0,,40.74,-73.58
Livermore (CA),2016,8220.0,,37.69,-121.78
Red Wood (CA),2016,11910.0,,37.48,-122.2
San Pablo (CA),2016,10480.0,,37.96,-122.36
Santa Rosa (CA),2016,8660.0,,38.44,-122.71
Anaheim (CA),2016,13950.0,,33.83,-117.94
Central LA (CA),2016,17780.0,,34.07,-118.23
Compton (CA),2016,14000.0,,33.9,-118.21
Rubidoux (CA),2016,12930.0,,34.0,-117.42
"ASU, Boone (NC, US)",2016,2930.0,,36.21,-81.69
"Bondville (IL, US)",2016,4095.0,,40.05,-88.37
"Egbert (ON, CA)",2016,4962.0,,44.23,-79.78
"SGP E13 (OK, US)",2016,3600.0,,36.6,-97.48
"Trinidad Head (CA, US)",2016,1526.0,,41.05,-124.15
Annaberg-Buchholz (DE),2016,6649.0,,50.57,13.0
Cabauw Zijdeweg (NL),2016,6324.0,,51.97,4.93
DD-Nord (DE),2016,10526.0,,51.06,13.74
DD-Winckelmannstr (DE),2016,5474.0,,51.04,13.73
ECO Lecce (IT),2016,5372.0,,40.34,18.12
Finokalia (GR),2016,1421.0,,35.34,25.67
Hohenpeissenberg (DE),2016,2302.0,,47.8,11.01
K-puszta (HU),2016,4040.0,,46.58,19.35
LE-Eisenbahnstr (DE),2016,14410.0,,51.35,12.41
LE-Mitte (DE),2016,10623.0,,51.34,12.38
LE-West (DE),2016,6222.0,,51.32,12.3
Leipzig (DE),2016,4882.0,,51.35,12.43
Madrid (ES),2016,11311.0,,40.46,-3.73
Melpitz (DE),2016,7018.0,,51.53,12.93
Montseny (ES),2016,3056.0,,41.78,2.36
NOAK Kosetice (CZ),2016,2569.0,,49.58,15.08
Neuglobsow (DE),2016,2808.0,,53.14,13.03
OPE (FR),2016,1834.0,,48.56,5.5
Prague-Suchdol (CZ),2016,6421.0,,50.12,14.38
SIRTA Palaiseau (FR),2016,4239.0,,48.71,2.16
Schauinsland (DE),2016,1545.0,,47.9,7.92
Vielsalm (BE),2016,2082.0,,50.3,6.0
Shanghai,2016,12800.0,,31.17,121.43
Beijing,2016,14812.0,,39.94,116.29
Beijing,2016,24900.0,,39.9,116.38
Lin'an,2016,4928.0,,30.28,119.75
Gucheng,2016,8284.0,,39.15,115.73
Delhi IITM,2016,19750.0,,28.61,77.1
Delhi IITD,2016,42972.0,,28.55,77.19
Delhi MRIU,2016,17350.0,,28.45,77.28
Mahabaleshwar,2016,2441.0,,17.92,73.66
Hyderabad,2016,4680.0,,17.46,78.32
BEO Moussala (BG),2016,542.0,,42.18,23.59
Hyytiälä (FI),2016,1430.0,,61.85,24.3
Sammaltunturi Pallas (FI),2016,556.0,,67.97,24.12
Trollhaugen (NO),2016,154.0,,-72.02,2.53
Värriö (FI),2016,697.0,,67.75,29.61
Zeppelin Mountain (NO),2016,161.0,,79.9,11.86
Zugspitze (DE),2016,944.0,,47.41,10.98
"Alert (NU, CA)",2016,205.0,,82.5,-62.34
"Barrow (AK, US)",2016,277.0,,71.32,-156.61
South Pole,2016,192.0,,-90.0,-24.8
ATTO,2016,376.0,,-2.14,-59.0
ATom,2016,403.0,,30.0,-50.0
Rochester (NY),2017,4450.0,,43.14,-77.54
Boston (MA),2017,12200.0,,42.33,-71.1
Somerville (MA),2017,10000.0,,42.4,-71.09
Queens (NY),2017,8210.0,,40.73,-73.82
Long Island (NY),2017,7600.0,,40.74,-73.58
Livermore (CA),2017,8220.0,,37.69,-121.78
Red Wood (CA),2017,11910.0,,37.48,-122.2
San Pablo (CA),2017,10480.0,,37.96,-122.36
Santa Rosa (CA),2017,8660.0,,38.44,-122.71
Anaheim (CA),2017,13950.0,,33.83,-117.94
Central LA (CA),2017,17780.0,,34.07,-118.23
Compton (CA),2017,14000.0,,33.9,-118.21
Rubidoux (CA),2017,12930.0,,34.0,-117.42
"ASU, Boone (NC, US)",2017,2930.0,,36.21,-81.69
"Bondville (IL, US)",2017,4095.0,,40.05,-88.37
"Egbert (ON, CA)",2017,4962.0,,44.23,-79.78
"SGP E13 (OK, US)",2017,3600.0,,36.6,-97.48
"Trinidad Head (CA, US)",2017,1526.0,,41.05,-124.15
Annaberg-Buchholz (DE),2017,6649.0,,50.57,13.0
Cabauw Zijdeweg (NL),2017,6324.0,,51.97,4.93
DD-Nord (DE),2017,10526.0,,51.06,13.74
DD-Winckelmannstr (DE),2017,5474.0,,51.04,13.73
ECO Lecce (IT),2017,5372.0,,40.34,18.12
Finokalia (GR),2017,1421.0,,35.34,25.67
Hohenpeissenberg (DE),2017,2302.0,,47.8,11.01
K-puszta (HU),2017,4040.0,,46.58,19.35
LE-Eisenbahnstr (DE),2017,14410.0,,51.35,12.41
LE-Mitte (DE),2017,10623.0,,51.34,12.38
LE-West (DE),2017,6222.0,,51.32,12.3
Leipzig (DE),2017,4882.0,,51.35,12.43
Madrid (ES),2017,11311.0,,40.46,-3.73
Melpitz (DE),2017,7018.0,,51.53,12.93
Montseny (ES),2017,3056.0,,41.78,2.36
NOAK Kosetice (CZ),2017,2569.0,,49.58,15.08
Neuglobsow (DE),2017,2808.0,,53.14,13.03
OPE (FR),2017,1834.0,,48.56,5.5
Prague-Suchdol (CZ),2017,6421.0,,50.12,14.38
SIRTA Palaiseau (FR),2017,4239.0,,48.71,2.16
Schauinsland (DE),2017,1545.0,,47.9,7.92
Vielsalm (BE),2017,2082.0,,50.3,6.0
Shanghai,2017,12800.0,,31.17,121.43
Beijing,2017,14812.0,,39.94,116.29
Beijing,2017,24900.0,,39.9,116.38
Lin'an,2017,4928.0,,30.28,119.75
Gucheng,2017,8284.0,,39.15,115.73
Delhi IITM,2017,19750.0,,28.61,77.1
Delhi IITD,2017,42972.0,,28.55,77.19
Delhi MRIU,2017,17350.0,,28.45,77.28
Mahabaleshwar,2017,2441.0,,17.92,73.66
Hyderabad,2017,4680.0,,17.46,78.32
BEO Moussala (BG),2017,542.0,,42.18,23.59
Hyytiälä (FI),2017,1430.0,,61.85,24.3
Sammaltunturi Pallas (FI),2017,556.0,,67.97,24.12
Trollhaugen (NO),2017,154.0,,-72.02,2.53
Värriö (FI),2017,697.0,,67.75,29.61
Zeppelin Mountain (NO),2017,161.0,,79.9,11.86
Zugspitze (DE),2017,944.0,,47.41,10.98
"Alert (NU, CA)",2017,205.0,,82.5,-62.34
"Barrow (AK, US)",2017,277.0,,71.32,-156.61
South Pole,2017,192.0,,-90.0,-24.8
ATTO,2017,376.0,,-2.14,-59.0
ATom,2017,403.0,,30.0,-50.0
Delhi IITM,2018,19750.0,lit_counts,28.61,77.1
Delhi IITM,2019,19750.0,lit_counts,28.61,77.1
Delhi IITD,2017,42972.0,lit_counts,28.55,77.19
Delhi IITD,2018,42972.0,lit_counts,28.55,77.19
Delhi IITD,2019,42972.0,lit_counts,28.55,77.19
Delhi MRIU,2018,17350.0,lit_counts,28.45,77.28
Delhi MRIU,2019,17350.0,lit_counts,28.45,77.28
Mahabaleshwar,2015,2441.0,lit_counts,17.92,73.66
Hyderabad,2019,4680.0,lit_counts,17.46,78.32
Hyderabad,2020,4680.0,lit_counts,17.46,78.32
Shanghai,2014,12800.0,lit_counts,31.17,121.43
Beijing,2018,14812.0,lit_counts,39.94,116.29
Beijing,2019,14812.0,lit_counts,39.94,116.29
Beijing,2004,24900.0,lit_counts,39.9,116.38
Beijing,2005,24900.0,lit_counts,39.9,116.38
Beijing,2006,24900.0,lit_counts,39.9,116.38
Lin’an,2015,4928.0,lit_counts,30.28,119.75
Gucheng,2018,8284.0,lit_counts,39.15,115.73
Gucheng,2019,8284.0,lit_counts,39.15,115.73
ATTO (Brazil),2015,376.0,lit_counts,-2.14,-59.0
BEO Moussala (BG),2015,542.0,lit_counts,42.18,23.59
Hyytiälä (FI),2015,1430.0,lit_counts,61.85,24.3
Sammaltunturi Pallas (FI),2015,556.0,lit_counts,67.97,24.12
Zugspitze (DE),2015,944.0,lit_counts,47.41,10.98
"SGP, OK",2016,3880.0,saha21,36.608,-97.488
"Bondville, IL",2016,3000.0,saha21,40.05,-88.37
"Steamboat Springs, CO",2017,2700.0,saha21,40.46,-106.74
"Centreville, AL",2017,2300.0,saha21,32.902,-87.25
"Mt. Bachelor, OR",2018,1450.0,saha21,43.977,-121.686
"Manitou Forest, CO",2011,3050.0,saha21,39.1,-105.1
"Duke Forest, NC",2015,880.0,saha21,36.019,-78.979
"Trinidad Head, CA",2016,3310.0,saha21,41.054,-124.151
"Boone, NC",2017,2600.0,saha21,36.2,-81.7
"Fox Chapel, PA",2016,6850.0,saha21,40.512,-79.869
"Blacksburg, VA",2016,5100.0,saha21,37.228,-80.415
"Rochester, NY",2016,4450.0,saha21,43.146,-77.548
"Raleigh, NC",2013,6000.0,saha21,35.786,-78.669
"Boston, NA",2016,12200.0,saha21,42.336,-71.102
"Houston, TX",2009,7500.0,saha21,29.716,-95.333
"Minneapolis, MN",2012,13900.0,saha21,44.991,-93.267
"Seattle, WA",2018,4035.0,saha21,47.687,-122.263
"Livermore, CA",2012,8220.0,saha21,37.69,-121.78
"Red Wood, CA",2015,11910.0,saha21,37.48,-122.2
"San Pablo, CA",2012,10480.0,saha21,37.96,-122.36
"Santa Rosa, CA",2012,8660.0,saha21,38.44,-122.71
"Anaheim, CA",2016,13950.0,saha21,33.831,-117.941
"Compton, CA",2012,14000.0,saha21,33.9,-118.21
"Rubidoux, CA",2016,12930.0,saha21,34.001,-117.415
"Bakersfield, CA",2010,10300.0,saha21,35.35,-118.97
"PIT, PA",2018,8080.0,saha21,40.513,-80.201
"Logan, MA",2014,14000.0,saha21,42.355,-71.163
,2017,32000.0,Particle number concentrations and size distribution in a polluted megacity: The Delhi Aerosol Supersite study,28.5474784505186,77.192990325504
,2018,34600.0,Particle number concentrations and size distribution in a polluted megacity: The Delhi Aerosol Supersite study,28.5474784505186,77.192990325504
Gustaf Hällströmin katu 2,2001,12241.0,Aerosol Particle Number Concentration,60.2048220036274,24.9635428821076
,2002,12527.0,Measurements in Five European Cities Using,60.2048220036274,24.9635428821076
,2003,13004.0,TSI-3022 Condensation Particle Counter over a,60.2048220036274,24.9635428821076
Rosenlundsgatan,2001,11214.0,Three-Year Period during Health Effects of Air,59.3143541796027,18.0569482095014
,2002,10942.0,Pollution on Susceptible Subpopulations,59.3143541796027,18.0569482095014
,2003,11234.0,,59.3143541796027,18.0569482095014
Hornsgatan,2001,11340.0,,59.3174990929919,18.0505961379815
,2002,10899.0,,59.3174990929919,18.0505961379815
,2003,11204.0,,59.3174990929919,18.0505961379815
"Stephansplatz 6, Vienna, Austria",2001,10823.0,,48.2089145448472,16.3741346965196
,2002,10932.0,,48.2089145448472,16.3741346965196
,2003,10964.0,,48.2089145448472,16.3741346965196
Doctor Aiguader 80,2001,41245.0,,41.3852541486232,2.1940161982268
,2002,42204.0,,41.3852541486232,2.1940161982268
,2003,43412.0,,41.3852541486232,2.1940161982268
Ramon Trias Fargas 25–27,2001,42440.0,,41.3899300680535,2.190073408557
,2002,42015.0,,41.3899300680535,2.190073408557
,2003,43012.0,,41.3899300680535,2.190073408557
Viale Regina Elena 299,2001,45092.0,,41.9044266008583,12.5182138939573
,2002,46201.0,,41.9044266008583,12.5182138939573
,2003,45932.0,,41.9044266008583,12.5182138939573
Largo Cristina di Svezia 24,2001,45219.0,,41.8924603931312,12.4660836083234
,2002,45210.0,,41.8924603931312,12.4660836083234
,2003,46012.0,,41.8924603931312,12.4660836083234
"Durham, NC",2015,4000.0,saha21,35.863,-78.825
"Durham, NC",2016,4000.0,saha21,35.863,-78.825
"Somerville, MA",2009,10000.0,saha21,42.397,-71.092
"Somerville, MA",2010,10000.0,saha21,42.397,-71.092
"Queens, NY",2009,8210.0,saha21,40.737,-73.822
"Queens, NY",2010,8210.0,saha21,40.737,-73.822
"Long Island, NY",2009,7600.0,saha21,40.743,-73.586
"Long Island, NY",2010,7600.0,saha21,40.743,-73.586
"Sea Tac (N), WA",2018,7550.0,saha21,47.479,-122.305
"Sea Tac (N), WA",2019,7550.0,saha21,47.479,-122.305
"Sea Tac (S), WA",2018,8035.0,saha21,47.422,-122.316
"Sea Tac (S), WA",2019,8035.0,saha21,47.422,-122.316
